WorkType,Days,Share
GS,"4,160.67",0.34
CP,"3,112.67",0.25
in chambers,"1,488.50",0.12
CPNJ,"1,300.33",0.11
X,765.00,0.06
na,546.00,0.04
CPNJ/PCR,289.50,0.02
AW,125.50,0.01
Sick,89.00,0.01
XX,80.00,0.01
GS CC,75.67,0.01
GS(SGJ),70.67,0.01
GS CP CC,53.00,0.00
Orientation School,51.00,0.00
Medical,41.00,0.00
CP/PCR,14.50,0.00
CPNJ CC,11.00,0.00
Capital PCR,11.00,0.00
CP CC,10.17,0.00
GS(SGJ) CP,5.00,0.00
Military,5.00,0.00
Family Death,4.00,0.00
X-,1.00,0.00
CPNJ/GS,0.50,0.00
GS(SGJ) CC,0.33,0.00
